INSERT INTO utenti (idutente, isAdmin, username, email, password) VALUES
(1, true, 'admin_super', 'admin_super@example.com', '$2y$10$gYT.l6keERbhJzw/LOuVXOk4BdrLkL15fbFGMr8AiUpBIfD8lT7si'),
(2, true, 'responsabile_it', 'responsabile_it@example.com', '$2y$10$gYT.l6keERbhJzw/LOuVXOk4BdrLkL15fbFGMr8AiUpBIfD8lT7si'),
(3, true, 'moderatore_scienze', 'moderatore_scienze@example.com', '$2y$10$gYT.l6keERbhJzw/LOuVXOk4BdrLkL15fbFGMr8AiUpBIfD8lT7si'),
(4, false, 'marco_rossi', 'marco_rossi@example.com', '$2y$10$gYT.l6keERbhJzw/LOuVXOk4BdrLkL15fbFGMr8AiUpBIfD8lT7si'),
(5, false, 'giulia_bianchi', 'giulia_bianchi@example.com', '$2y$10$gYT.l6keERbhJzw/LOuVXOk4BdrLkL15fbFGMr8AiUpBIfD8lT7si'),
(6, false, 'luca_verdi', 'luca_verdi@example.com', '$2y$10$gYT.l6keERbhJzw/LOuVXOk4BdrLkL15fbFGMr8AiUpBIfD8lT7si'),
(7, false, 'anna_neri', 'anna_neri@example.com', '$2y$10$gYT.l6keERbhJzw/LOuVXOk4BdrLkL15fbFGMr8AiUpBIfD8lT7si'),
(8, false, 'stefano_bruni', 'stefano_bruni@example.com', '$2y$10$gYT.l6keERbhJzw/LOuVXOk4BdrLkL15fbFGMr8AiUpBIfD8lT7si'),
(9, false, 'elena_gialli', 'elena_gialli@example.com', '$2y$10$gYT.l6keERbhJzw/LOuVXOk4BdrLkL15fbFGMr8AiUpBIfD8lT7si'),
(10, false, 'davide_viola', 'davide_viola@example.com', '$2y$10$gYT.l6keERbhJzw/LOuVXOk4BdrLkL15fbFGMr8AiUpBIfD8lT7si'),
(11, false, 'chiara_rosa', 'chiara_rosa@example.com', '$2y$10$gYT.l6keERbhJzw/LOuVXOk4BdrLkL15fbFGMr8AiUpBIfD8lT7si'),
(12, false, 'matteo_grigio', 'matteo_grigio@example.com', '$2y$10$gYT.l6keERbhJzw/LOuVXOk4BdrLkL15fbFGMr8AiUpBIfD8lT7si'),
(13, false, 'sofia_azzurri', 'sofia_azzurri@example.com', '$2y$10$gYT.l6keERbhJzw/LOuVXOk4BdrLkL15fbFGMr8AiUpBIfD8lT7si'),
(14, false, 'francesco_marroni', 'francesco_marroni@example.com', '$2y$10$gYT.l6keERbhJzw/LOuVXOk4BdrLkL15fbFGMr8AiUpBIfD8lT7si'),
(15, false, 'alice_lilla', 'alice_lilla@example.com', '$2y$10$gYT.l6keERbhJzw/LOuVXOk4BdrLkL15fbFGMr8AiUpBIfD8lT7si'),
(16, false, 'pietro_oro', 'pietro_oro@example.com', '$2y$10$gYT.l6keERbhJzw/LOuVXOk4BdrLkL15fbFGMr8AiUpBIfD8lT7si'),
(17, false, 'sara_argento', 'sara_argento@example.com', '$2y$10$gYT.l6keERbhJzw/LOuVXOk4BdrLkL15fbFGMr8AiUpBIfD8lT7si'),
(18, false, 'andrea_bronzo', 'andrea_bronzo@example.com', '$2y$10$gYT.l6keERbhJzw/LOuVXOk4BdrLkL15fbFGMr8AiUpBIfD8lT7si'),
(19, false, 'valeria_ferro', 'valeria_ferro@example.com', '$2y$10$gYT.l6keERbhJzw/LOuVXOk4BdrLkL15fbFGMr8AiUpBIfD8lT7si'),
(20, false, 'simone_rame', 'simone_rame@example.com', '$2y$10$gYT.l6keERbhJzw/LOuVXOk4BdrLkL15fbFGMr8AiUpBIfD8lT7si'),
(21, false, 'marta_piombo', 'marta_piombo@example.com', '$2y$10$gYT.l6keERbhJzw/LOuVXOk4BdrLkL15fbFGMr8AiUpBIfD8lT7si'),
(22, false, 'gabriele_zinco', 'gabriele_zinco@example.com', '$2y$10$gYT.l6keERbhJzw/LOuVXOk4BdrLkL15fbFGMr8AiUpBIfD8lT7si'),
(23, false, 'federica_stagno', 'federica_stagno@example.com', '$2y$10$gYT.l6keERbhJzw/LOuVXOk4BdrLkL15fbFGMr8AiUpBIfD8lT7si'),
(24, false, 'roberto_carbonio', 'roberto_carbonio@example.com', '$2y$10$gYT.l6keERbhJzw/LOuVXOk4BdrLkL15fbFGMr8AiUpBIfD8lT7si'),
(25, false, 'elisa_ossigeno', 'elisa_ossigeno@example.com', '$2y$10$gYT.l6keERbhJzw/LOuVXOk4BdrLkL15fbFGMr8AiUpBIfD8lT7si'),
(26, false, 'nicola_azoto', 'nicola_azoto@example.com', '$2y$10$gYT.l6keERbhJzw/LOuVXOk4BdrLkL15fbFGMr8AiUpBIfD8lT7si'),
(27, false, 'giorgia_elio', 'giorgia_elio@example.com', '$2y$10$gYT.l6keERbhJzw/LOuVXOk4BdrLkL15fbFGMr8AiUpBIfD8lT7si'),
(28, false, 'alessio_neon', 'alessio_neon@example.com', '$2y$10$gYT.l6keERbhJzw/LOuVXOk4BdrLkL15fbFGMr8AiUpBIfD8lT7si'),
(29, false, 'claudia_argon', 'claudia_argon@example.com', '$2y$10$gYT.l6keERbhJzw/LOuVXOk4BdrLkL15fbFGMr8AiUpBIfD8lT7si'),
(30, false, 'paolo_kripton', 'paolo_kripton@example.com', '$2y$10$gYT.l6keERbhJzw/LOuVXOk4BdrLkL15fbFGMr8AiUpBIfD8lT7si');

INSERT INTO ssd (idssd, nome, descrizione) VALUES
(1, 'MAT/05', 'Analisi Matematica'),
(2, 'INF/01', 'Informatica Generale'),
(3, 'FIS/01', 'Fisica Sperimentale'),
(4, 'ING-INF/05', 'Sistemi di Elaborazione delle Informazioni'),
(5, 'SECS-P/07', 'Economia Aziendale'),
(6, 'IUS/01', 'Diritto Privato'),
(7, 'BIO/10', 'Biochimica'),
(8, 'CHIM/03', 'Chimica Generale ed Inorganica'),
(9, 'L-LIN/12', 'Lingua Inglese'),
(10, 'M-GGR/01', 'Geografia');

INSERT INTO corsi (idcorso, nome, descrizione, idssd) VALUES
(1, 'Analisi I', 'Studio di funzioni a una variabile reale, limiti e derivate.', 1),
(2, 'Analisi II', 'Calcolo differenziale e integrale per funzioni di più variabili.', 1),
(3, 'Programmazione C', 'Fondamenti della programmazione imperativa e gestione memoria.', 2),
(4, 'Algoritmi e Strutture Dati', 'Analisi della complessità, grafi, alberi e sorting.', 2),
(5, 'Fisica Meccanica', 'Leggi della dinamica, cinematica e conservazione energia.', 3),
(6, 'Elettromagnetismo', 'Campi elettrici, magnetici e equazioni di Maxwell.', 3),
(7, 'Basi di Dati', 'Modellazione ER, normalizzazione e linguaggio SQL.', 4),
(8, 'Sistemi Operativi', 'Gestione processi, thread, memoria virtuale e file system.', 4),
(9, 'Economia Politica', 'Microeconomia, macroeconomia e mercati.', 5),
(10, 'Contabilità e Bilancio', 'Metodo della partita doppia e redazione del bilancio.', 5),
(11, 'Diritto Privato', 'Il codice civile, le persone, i contratti e le obbligazioni.', 6),
(12, 'Diritto Commerciale', 'L impresa, le società e i titoli di credito.', 6),
(13, 'Biochimica Medica', 'Metabolismo dei carboidrati, lipidi e proteine.', 7),
(14, 'Genetica Molecolare', 'Struttura del DNA, replicazione e sintesi proteica.', 7),
(15, 'Chimica Generale', 'La tavola periodica, legami chimici e stechiometria.', 8),
(16, 'Chimica Organica', 'Idrocarburi e meccanismi di reazione.', 8),
(17, 'English for ICT', 'Terminologia tecnica per informatica.', 9),
(18, 'Business English', 'Inglese per la comunicazione aziendale.', 9),
(19, 'Geografia Economica', 'Analisi spaziale delle attività economiche.', 10),
(20, 'Sistemi GIS', 'Software GIS per mappe digitali.', 10);

INSERT INTO appunti (idappunto, titolo, contenuto, idutente, idcorso, numero_visualizzazioni, stato, data_pubblicazione) VALUES
(1, 'Limiti Notevoli e Stime Asintotiche', 'Lo studio dei limiti notevoli rappresenta il pilastro del calcolo infinitesimale. 1. Limite trigonometrico fondamentale: lim(x->0) sin(x)/x = 1. La dimostrazione si basa sul teorema del confronto applicato alle aree del settore circolare. 2. Numero di Nepero: lim(x->inf) (1 + 1/x)^x = e. Esaminiamo anche le varianti generalizzate per risolvere forme indeterminate complesse [0/0].', 4, 1, 156, 'approvato', '2025-01-10 09:00:00'),
(2, 'Puntatori e Gestione Memoria in C', 'I puntatori sono l aspetto più potente del C. Definizione: variabile che contiene l indirizzo di un altra variabile. Allocazione Dinamica: malloc() riserva byte nello Heap, free() libera la memoria. Fondamentali per liste concatenate e alberi, dove ogni nodo punta al successivo tramite il selettore ->.', 5, 3, 312, 'approvato', '2025-01-12 14:20:00'),
(3, 'SQL Avanzato: Normalizzazione e Joins', '1. Normalizzazione: Dalla 1NF alla BCNF per eliminare ridondanza. 2. Joins: LEFT, RIGHT e FULL OUTER JOIN. 3. Window Functions: RANK() e ROW_NUMBER() per analisi statistiche. 4. Transazioni (ACID): Atomicità, Consistenza, Isolamento e Durabilità.', 6, 7, 189, 'approvato', '2025-01-15 11:10:00'),
(4, 'Scheduling della CPU nei Sistemi Operativi', 'Lo scheduler decide quale processo occupa la CPU. Algoritmi: FCFS (semplice ma lento), SJF (ottimale per attesa), Round Robin (usa un quantum temporale). L obiettivo è massimizzare il Throughput e minimizzare Turnaround e latenza.', 4, 8, 142, 'approvato', '2025-01-18 20:15:00'),
(5, 'Biochimica: Ciclo di Krebs', 'Il ciclo dell acido citrico genera energia per gli aerobi. L Acetil-CoA si unisce all ossalacetato per formare citrato. Per ogni giro si producono 3 NADH, 1 FADH2 e 1 GTP. Questi alimentano la catena di trasporto degli elettroni per generare ATP.', 11, 13, 95, 'approvato', '2025-01-05 08:30:00'),
(6, 'Diritto: Disciplina del Contratto', 'Art. 1321 CC: l accordo di due o più parti. Elementi essenziali: Accordo, Causa, Oggetto e Forma. Analizziamo i vizi del consenso (errore, violenza e dolo) che rendono il contratto annullabile invece che nullo.', 8, 11, 64, true, '2025-01-20 16:45:00'),
(7, 'Fisica: Elettromagnetismo', 'Le equazioni di Maxwell descrivono i campi elettrici e magnetici. Fondamentali per capire il funzionamento di motori, antenne e circuiti moderni.', 9, 6, 45, false, '2025-01-22 10:00:00'),
(8, 'Geografia e GIS', 'Uso dei software per mappe digitali e analisi dei layer spaziali.', 14, 20, 20, true, '2025-01-25 15:30:00'),
(10, 'Sistemi Informativi', 'Basi teoriche sui sistemi aziendali.', 10, 4, 10, true, '2025-01-26 12:00:00'),
(11, 'English Grammar for ICT', 'Technical verbs and phrases for programmers.', 13, 17, 30, true, '2025-01-27 11:00:00');

INSERT INTO iscrizioni (idutente, idcorso) VALUES
(4, 1), (4, 3), (4, 7), (5, 3), (6, 7), (7, 9), (8, 11), (9, 5), (15, 1), (19, 3), (21, 3);

INSERT INTO recensioni (valutazione, idappunto, idutente) VALUES
(5, 1, 15), (4, 1, 16), (5, 1, 17),
(5, 2, 19), (5, 2, 20), (4, 2, 10),
(5, 3, 4), (5, 3, 10), (3, 3, 21), 
(4, 5, 14), (5, 5, 22),
(5, 8, 12),
(2, 10, 5), (3, 10, 6),
(4, 11, 14);
